Aqua5Seemly,3922,1,Subscriber,
Brackle,9550,0,,This is a status
Capstan,4962,1,Subscriber,proj2 :100:
Capstan,7383,1,,
Cinnamon,5319,0,Subscriber,
Capstan,604,0,,recursion(recursion(recursion()))
Cinnamon,1180,0,HypeSquad Brilliance,
Pika,6130,0,,
Brackle,2725,0,HypeSquad Brilliance,
Aqua5Seemly,7300,0,,
Sulkyreal,8550,0,Subscriber,
Brackle,4957,0,Early Supporter,
Pika,5694,1,HypeSquad Brilliance,
Allegator,8926,0,Early Supporter,recursion(recursion(recursion()))
Aqua5Seemly,1309,1,,recursion(recursion(recursion()))
Cinnamon,2592,1,,
Cinnamon,4451,1,Early Supporter,
Brackle,2724,1,,recursion(recursion(recursion()))
Cinnamon,6888,1,,Playing VSCode
Kippage,2716,1,,
Brackle,46,1,,This is a status
Kippage,5728,0,Subscriber,This is a status
Pika,7439,1,HypeSquad Brilliance,
Pika,8210,1,,
Aqua5Seemly,6935,1,Early Supporter,
Kippage,3888,1,,Playing VSCode
Brackle,9642,1,Server Booster,proj2 :100:
Cinnamon,7132,0,HypeSquad Brilliance,Playing VSCode
Sulkyreal,9785,0,Subscriber,This is a status
Sulkyreal,2314,1,HypeSquad Brilliance,
Brackle,5732,0,,proj2 :100:
Brackle,6991,0,,proj2 :100:
Brackle,8559,1,HypeSquad Brilliance,
Cinnamon,4356,1,,proj2 :100:
Brackle,6944,1,HypeSquad Balance,proj2 :100:
Allegator,6938,0,Subscriber,recursion(recursion(recursion()))
Cinnamon,5901,1,,Playing VSCode
Allegator,7646,1,Subscriber,Playing VSCode
Kippage,4319,1,,
Cinnamon,4539,1,,
Cinnamon,7862,0,,
Kippage,2760,1,,
Brackle,5016,0,Subscriber,
Brackle,1210,1,,
Brackle,9924,0,,Playing VSCode
Capstan,1563,0,HypeSquad Brilliance,Playing VSCode
Capstan,6908,0,,recursion(recursion(recursion()))
Brackle,9722,0,,
Allegator,9408,0,Subscriber,
Kippage,780,0,,
Cinnamon,6504,1,,
Brackle,1923,1,HypeSquad Brilliance,Playing VSCode
Pika,8374,1,HypeSquad Balance,
Brackle,9468,1,,
Cinnamon,7713,1,Subscriber,
Cinnamon,5796,1,,Playing VSCode
Aqua5Seemly,7510,1,,
Capstan,2499,0,HypeSquad Brilliance,
Pika,7024,1,Subscriber,
Kippage,9918,0,,This is a status
Pika,811,0,HypeSquad Brilliance,recursion(recursion(recursion()))
Brackle,3040,1,,
Cinnamon,7024,0,,
Aqua5Seemly,2667,0,Subscriber,
Allegator,611,0,,
Pika,2508,1,,
Brackle,3851,0,,This is a status
Allegator,8742,0,HypeSquad Brilliance,Playing VSCode
Aqua5Seemly,7785,0,,
Kippage,2589,1,HypeSquad Brilliance,recursion(recursion(recursion()))
Capstan,7771,0,HypeSquad Brilliance,
Brackle,3569,1,,
Aqua5Seemly,9144,0,Subscriber,proj2 :100:
Brackle,283,1,,This is a status
Aqua5Seemly,5872,1,HypeSquad Brilliance,This is a status
Cinnamon,3368,0,HypeSquad Brilliance,recursion(recursion(recursion()))
Sulkyreal,4036,1,Subscriber,recursion(recursion(recursion()))
Brackle,9757,1,,
Kippage,89,0,HypeSquad Balance,Playing VSCode
Cinnamon,2042,1,Server Booster,Playing VSCode
Brackle,2995,1,HypeSquad Balance,
Cinnamon,864,1,,Playing VSCode
Brackle,5501,0,,
Cinnamon,8008,1,,
Brackle,4148,0,Subscriber,Playing VSCode
Brackle,2516,1,,recursion(recursion(recursion()))
Brackle,2306,0,,Playing VSCode
Kippage,5482,0,HypeSquad Brilliance,Playing VSCode
Brackle,7006,0,Early Supporter,
Cinnamon,988,0,Server Booster,
Kippage,2402,1,HypeSquad Balance,proj2 :100:
Allegator,6129,0,Subscriber,recursion(recursion(recursion()))
Cinnamon,7597,0,HypeSquad Brilliance,
Pika,9982,0,HypeSquad Balance,
Cinnamon,8301,1,HypeSquad Brilliance,
Pika,9673,1,Server Booster,
Pika,3468,1,,Playing VSCode
Kippage,9116,1,,
Pika,2128,0,,
Cinnamon,8648,0,Server Booster,
Allegator,588,0,,recursion(recursion(recursion()))
Cinnamon,7131,0,HypeSquad Balance,
Cinnamon,1686,0,,recursion(recursion(recursion()))
Aqua5Seemly,5100,0,,
Pika,8853,0,,
Capstan,3574,1,Subscriber,
Allegator,8768,0,Subscriber,recursion(recursion(recursion()))
Brackle,2133,0,,
Allegator,3428,0,,recursion(recursion(recursion()))
Cinnamon,6012,1,HypeSquad Brilliance,Playing VSCode
Capstan,4900,1,Early Supporter,
Pika,6827,1,Server Booster,
Aqua5Seemly,4807,0,HypeSquad Balance,
Allegator,2792,0,HypeSquad Brilliance,
Allegator,1977,1,,recursion(recursion(recursion()))
Pika,8704,0,Subscriber,
Cinnamon,4258,1,,
Brackle,6667,1,,This is a status
Capstan,7272,1,,recursion(recursion(recursion()))
Brackle,4894,0,,
Cinnamon,7738,1,HypeSquad Brilliance,recursion(recursion(recursion()))
Brackle,4946,1,,
Brackle,8920,1,HypeSquad Balance,
Cinnamon,3840,0,HypeSquad Brilliance,Playing VSCode
Aqua5Seemly,8700,0,,Playing VSCode
Kippage,956,0,,This is a status
Allegator,3206,0,HypeSquad Brilliance,Playing VSCode
Pika,703,0,,
Cinnamon,8017,1,HypeSquad Balance,Playing VSCode
Aqua5Seemly,5839,1,HypeSquad Balance,
Cinnamon,686,0,Subscriber,Playing VSCode
Capstan,7755,1,HypeSquad Brilliance,
Aqua5Seemly,6986,1,,
Brackle,924,0,HypeSquad Brilliance,
Cinnamon,7163,1,,
Aqua5Seemly,9517,0,Subscriber,Playing VSCode
Kippage,3262,0,,Playing VSCode
Brackle,2807,0,,This is a status
Cinnamon,1967,1,,
Capstan,1269,1,Subscriber,
Cinnamon,8003,0,,Playing VSCode
Brackle,2858,0,Subscriber,recursion(recursion(recursion()))
Cinnamon,3125,1,,
Capstan,3113,0,,
Aqua5Seemly,3250,0,,Playing VSCode
Kippage,1286,1,HypeSquad Brilliance,proj2 :100:
Kippage,8232,0,HypeSquad Balance,
Brackle,8036,0,,
Cinnamon,6548,1,Early Supporter,
Kippage,9884,0,HypeSquad Brilliance,
Capstan,1068,1,Server Booster,This is a status
Capstan,4691,1,Early Supporter,
Pika,2098,0,,
Cinnamon,6608,0,,This is a status
Pika,6683,0,,Playing VSCode
Cinnamon,2813,0,,recursion(recursion(recursion()))
Aqua5Seemly,936,1,Early Supporter,Playing VSCode
Kippage,547,1,Server Booster,This is a status
Kippage,8771,1,,
Brackle,4785,0,,
Cinnamon,1143,1,,
Sulkyreal,1683,1,,
Allegator,7010,1,,
Pika,2463,0,Early Supporter,This is a status
Cinnamon,7047,1,,
Pika,2108,0,,proj2 :100:
Cinnamon,9270,0,,Playing VSCode
Cinnamon,5776,1,,Playing VSCode
Aqua5Seemly,1180,0,HypeSquad Brilliance,Playing VSCode
Aqua5Seemly,9245,0,Subscriber,recursion(recursion(recursion()))
Cinnamon,9404,1,,recursion(recursion(recursion()))
Kippage,8228,1,HypeSquad Brilliance,This is a status
Aqua5Seemly,915,1,,
Aqua5Seemly,4622,1,,
Cinnamon,9540,1,,Playing VSCode
Pika,7148,1,Early Supporter,
Sulkyreal,1855,0,HypeSquad Brilliance,
Brackle,3843,0,Early Supporter,
Kippage,8229,1,HypeSquad Brilliance,recursion(recursion(recursion()))
Pika,3164,0,,
Pika,5594,1,,recursion(recursion(recursion()))
Capstan,9744,1,,This is a status
Brackle,9134,1,Subscriber,recursion(recursion(recursion()))
Kippage,9669,0,HypeSquad Brilliance,
Pika,9456,1,,Playing VSCode
Cinnamon,2340,1,,Playing VSCode
Cinnamon,6671,0,,
Cinnamon,4519,1,,Playing VSCode
Capstan,9801,1,,
Allegator,8849,0,Early Supporter,
Aqua5Seemly,592,0,,
Pika,3350,1,HypeSquad Balance,Playing VSCode
Capstan,6766,0,Subscriber,
Cinnamon,3493,0,,recursion(recursion(recursion()))
Brackle,5707,0,,proj2 :100:
Sulkyreal,9905,1,Subscriber,
Allegator,7737,0,Subscriber,Playing VSCode
Sulkyreal,7786,1,HypeSquad Brilliance,
Cinnamon,767,1,,Playing VSCode
Brackle,8635,1,Subscriber,
